{
  "hash": "90d398fa",
  "configHash": "ceef9abb",
  "lockfileHash": "af06b151",
  "browserHash": "fab4e6e6",
  "optimized": {
    "@angular/common": {
      "src": "../../../../../../node_modules/@angular/common/fesm2022/common.mjs",
      "file": "@angular_common.js",
      "fileHash": "52539750",
      "needsInterop": false
    },
    "@angular/common/http": {
      "src": "../../../../../../node_modules/@angular/common/fesm2022/http.mjs",
      "file": "@angular_common_http.js",
      "fileHash": "857b7f70",
      "needsInterop": false
    },
    "@angular/core": {
      "src": "../../../../../../node_modules/@angular/core/fesm2022/core.mjs",
      "file": "@angular_core.js",
      "fileHash": "90d1af86",
      "needsInterop": false
    },
    "@angular/google-maps": {
      "src": "../../../../../../node_modules/@angular/google-maps/fesm2022/google-maps.mjs",
      "file": "@angular_google-maps.js",
      "fileHash": "034c8002",
      "needsInterop": false
    },
    "@angular/platform-browser": {
      "src": "../../../../../../node_modules/@angular/platform-browser/fesm2022/platform-browser.mjs",
      "file": "@angular_platform-browser.js",
      "fileHash": "3e4a5c0f",
      "needsInterop": false
    },
    "@angular/platform-server": {
      "src": "../../../../../../node_modules/@angular/platform-server/fesm2022/platform-server.mjs",
      "file": "@angular_platform-server.js",
      "fileHash": "3ae92d93",
      "needsInterop": false
    },
    "@angular/router": {
      "src": "../../../../../../node_modules/@angular/router/fesm2022/router.mjs",
      "file": "@angular_router.js",
      "fileHash": "86fa74f7",
      "needsInterop": false
    },
    "@angular/ssr": {
      "src": "../../../../../../node_modules/@angular/ssr/fesm2022/ssr.mjs",
      "file": "@angular_ssr.js",
      "fileHash": "001037bf",
      "needsInterop": false
    },
    "@angular/ssr/node": {
      "src": "../../../../../../node_modules/@angular/ssr/fesm2022/node.mjs",
      "file": "@angular_ssr_node.js",
      "fileHash": "ff5e10c9",
      "needsInterop": false
    },
    "express": {
      "src": "../../../../../../node_modules/express/index.js",
      "file": "express.js",
      "fileHash": "3e602ed6",
      "needsInterop": true
    }
  },
  "chunks": {
    "xhr2-TXIMV6CV": {
      "file": "xhr2-TXIMV6CV.js"
    },
    "chunk-FXWQ2TVU": {
      "file": "chunk-FXWQ2TVU.js"
    },
    "chunk-36GVMZZ6": {
      "file": "chunk-36GVMZZ6.js"
    },
    "chunk-TT6BD4HG": {
      "file": "chunk-TT6BD4HG.js"
    },
    "chunk-SGTOWDRF": {
      "file": "chunk-SGTOWDRF.js"
    },
    "chunk-ZK3VRJFY": {
      "file": "chunk-ZK3VRJFY.js"
    },
    "chunk-5453LF4I": {
      "file": "chunk-5453LF4I.js"
    },
    "chunk-JP3BUQ3U": {
      "file": "chunk-JP3BUQ3U.js"
    },
    "chunk-FFZVCUAZ": {
      "file": "chunk-FFZVCUAZ.js"
    },
    "chunk-YHCV7DAQ": {
      "file": "chunk-YHCV7DAQ.js"
    }
  }
}