{
  "hash": "45183dfe",
  "configHash": "2f6891d7",
  "lockfileHash": "af06b151",
  "browserHash": "d9d391b9",
  "optimized": {
    "@angular/common": {
      "src": "../../../../../../node_modules/@angular/common/fesm2022/common.mjs",
      "file": "@angular_common.js",
      "fileHash": "fb05995c",
      "needsInterop": false
    },
    "@angular/common/http": {
      "src": "../../../../../../node_modules/@angular/common/fesm2022/http.mjs",
      "file": "@angular_common_http.js",
      "fileHash": "b459c4db",
      "needsInterop": false
    },
    "@angular/core": {
      "src": "../../../../../../node_modules/@angular/core/fesm2022/core.mjs",
      "file": "@angular_core.js",
      "fileHash": "01867ce6",
      "needsInterop": false
    },
    "@angular/google-maps": {
      "src": "../../../../../../node_modules/@angular/google-maps/fesm2022/google-maps.mjs",
      "file": "@angular_google-maps.js",
      "fileHash": "b9ec97ea",
      "needsInterop": false
    },
    "@angular/platform-browser": {
      "src": "../../../../../../node_modules/@angular/platform-browser/fesm2022/platform-browser.mjs",
      "file": "@angular_platform-browser.js",
      "fileHash": "94d8ed76",
      "needsInterop": false
    },
    "@angular/router": {
      "src": "../../../../../../node_modules/@angular/router/fesm2022/router.mjs",
      "file": "@angular_router.js",
      "fileHash": "745ab2bb",
      "needsInterop": false
    }
  },
  "chunks": {
    "chunk-UDJUSCXC": {
      "file": "chunk-UDJUSCXC.js"
    },
    "chunk-LVPWGWVS": {
      "file": "chunk-LVPWGWVS.js"
    },
    "chunk-GFVOUWAQ": {
      "file": "chunk-GFVOUWAQ.js"
    },
    "chunk-TUPWPVUT": {
      "file": "chunk-TUPWPVUT.js"
    },
    "chunk-TAFR5O5T": {
      "file": "chunk-TAFR5O5T.js"
    }
  }
}